<?xml version="1.0" encoding="UTF-8"?>
<beans xmlns="http://www.springframework.org/schema/beans"
       xmlns:xsi="http://www.w3.org/2001/XMLSchema-instance"
       xmlns:tx="http://www.springframework.org/schema/tx"
       xmlns:context="http://www.springframework.org/schema/context"
       xmlns:aop="http://www.springframework.org/schema/aop" xmlns:mvc="http://www.springframework.org/schema/mvc"
       xsi:schemaLocation="http://www.springframework.org/schema/beans
			http://www.springframework.org/schema/beans/spring-beans-3.0.xsd
		  http://www.springframework.org/schema/tx
		  http://www.springframework.org/schema/tx/spring-tx-3.0.xsd http://www.springframework.org/schema/context
		  http://www.springframework.org/schema/context/spring-context-3.1.xsd
		  http://www.springframework.org/schema/aop
		  http://www.springframework.org/schema/aop/spring-aop-2.0.xsd http://www.springframework.org/schema/mvc
		  http://www.springframework.org/schema/mvc/spring-mvc.xsd">

    <mvc:annotation-driven/>
    <mvc:default-servlet-handler/>

    <!--annotation configuration -->
    <context:annotation-config/>
    <context:component-scan base-package="com.yhcrt.demo"/>

    <!-- mybatis -->
    <bean id="sqlSessionFactory" class="org.mybatis.spring.SqlSessionFactoryBean">
        <property name="dataSource" ref="dataSource" />
        <property name="configLocation" value="classpath:mybatis/mybatis-config.xml"/>
        <property name="typeAliasesPackage" value="com.yhcrt.demo.model"/>
        <property name="mapperLocations" value="classpath:com/yhcrt/demo/dao/*.xml"/>
    </bean>

    <!-- auto scan mapper bean -->
    <bean class="org.mybatis.spring.mapper.MapperScannerConfigurer">
        <property name="basePackage" value="com.yhcrt.demo.dao" />
        <property name="sqlSessionFactoryBeanName" value="sqlSessionFactory" />
    </bean>

    <!-- property configuration -->
    <bean id="properties" class="org.springframework.beans.factory.config.PropertiesFactoryBean">
        <property name="locations">
            <list>
                <value>classpath:properties/*.properties</value>
            </list>
        </property>
    </bean>
    <bean id="propertyConfigurer" class="org.springframework.beans.factory.config.PropertyPlaceholderConfigurer">
        <property name="properties" ref="properties"/>
    </bean>

    <!--dataSource-->
    <bean id="dataSource" class="org.apache.commons.dbcp.BasicDataSource" destroy-method="close">
        <property name="driverClassName" value="${jdbc.driverClassName}"/>
        <property name="url" value="${jdbc.url}"/>
        <property name="username" value="${jdbc.username}"/>
        <property name="password" value="${jdbc.password}"/>

        <property name="validationQuery" value="SELECT 1"/>
        <property name="testOnReturn" value="false"/>
        <property name="testOnBorrow" value="true"/>
    </bean>

    <bean id="transactionManager" class="org.springframework.jdbc.datasource.DataSourceTransactionManager">
        <property name="dataSource" ref="dataSource"/>
    </bean>

    <tx:annotation-driven transaction-manager="transactionManager"/>

    <!--transaction-->
    <!--aop-->
    <aop:config>
        <aop:advisor advice-ref="applicationAdvisor" pointcut="execution(* com.yhcrt.demo.service.impl.*.*(..))"/>
    </aop:config>

    <!--advisor-->
    <tx:advice id="applicationAdvisor" transaction-manager="transactionManager">
        <tx:attributes>
            <tx:method name="*" propagation="REQUIRED"/>
            <tx:method name="load*" propagation="REQUIRED" read-only="true"/>
            <tx:method name="is*" propagation="REQUIRED" read-only="true"/>
        </tx:attributes>
    </tx:advice>
    

</beans>