<?xml version="1.0" encoding="UTF-8"?>
<!DOCTYPE mapper PUBLIC "-//mybatis.org//DTD Mapper 3.0//EN" "http://mybatis.org/dtd/mybatis-3-mapper.dtd">
<mapper namespace="com.yhcrt.demo.dao.TestDemoMapper">
  <resultMap id="BaseResultMap" type="com.yhcrt.demo.model.TestDemo">
    <id column="id" jdbcType="INTEGER" property="id" />
    <result column="name" jdbcType="VARCHAR" property="name" />
    <result column="tel" jdbcType="VARCHAR" property="tel" />
    <result column="type" jdbcType="INTEGER" property="type" />
    <result column="area" jdbcType="VARCHAR" property="area" />
    <result column="createtime" jdbcType="VARCHAR" property="createtime" />
  </resultMap>
  <sql id="Example_Where_Clause">
    <where>
      <foreach collection="oredCriteria" item="criteria" separator="or">
        <if test="criteria.valid">
          <trim prefix="(" prefixOverrides="and" suffix=")">
            <foreach collection="criteria.criteria" item="criterion">
              <choose>
                <when test="criterion.noValue">
                  and ${criterion.condition}
                </when>
                <when test="criterion.singleValue">
                  and ${criterion.condition} #{criterion.value}
                </when>
                <when test="criterion.betweenValue">
                  and ${criterion.condition} #{criterion.value} and #{criterion.secondValue}
                </when>
                <when test="criterion.listValue">
                  and ${criterion.condition}
                  <foreach close=")" collection="criterion.value" item="listItem" open="(" separator=",">
                    #{listItem}
                  </foreach>
                </when>
              </choose>
            </foreach>
          </trim>
        </if>
      </foreach>
    </where>
  </sql>
  <sql id="Update_By_Example_Where_Clause">
    <where>
      <foreach collection="example.oredCriteria" item="criteria" separator="or">
        <if test="criteria.valid">
          <trim prefix="(" prefixOverrides="and" suffix=")">
            <foreach collection="criteria.criteria" item="criterion">
              <choose>
                <when test="criterion.noValue">
                  and ${criterion.condition}
                </when>
                <when test="criterion.singleValue">
                  and ${criterion.condition} #{criterion.value}
                </when>
                <when test="criterion.betweenValue">
                  and ${criterion.condition} #{criterion.value} and #{criterion.secondValue}
                </when>
                <when test="criterion.listValue">
                  and ${criterion.condition}
                  <foreach close=")" collection="criterion.value" item="listItem" open="(" separator=",">
                    #{listItem}
                  </foreach>
                </when>
              </choose>
            </foreach>
          </trim>
        </if>
      </foreach>
    </where>
  </sql>
  <sql id="Base_Column_List">
    id, name, tel, type, area, createtime
  </sql>
  <select id="selectByExample" parameterType="com.yhcrt.demo.model.TestDemoExample" resultMap="BaseResultMap">
    select
    <if test="distinct">
      distinct
    </if>
    <include refid="Base_Column_List" />
    from test_demo
    <if test="_parameter != null">
      <include refid="Example_Where_Clause" />
    </if>
    <if test="orderByClause != null">
      order by ${orderByClause}
    </if>
  </select>
  <select id="selectByPrimaryKey" parameterType="java.lang.Integer" resultMap="BaseResultMap">
    select 
    <include refid="Base_Column_List" />
    from test_demo
    where id = #{id,jdbcType=INTEGER}
  </select>
  <delete id="deleteByPrimaryKey" parameterType="java.lang.Integer">
    delete from test_demo
    where id = #{id,jdbcType=INTEGER}
  </delete>
  <delete id="deleteByExample" parameterType="com.yhcrt.demo.model.TestDemoExample">
    delete from test_demo
    <if test="_parameter != null">
      <include refid="Example_Where_Clause" />
    </if>
  </delete>
  <insert id="insert" parameterType="com.yhcrt.demo.model.TestDemo">
    insert into test_demo (id, name, tel, 
      type, area, createtime
      )
    values (#{id,jdbcType=INTEGER}, #{name,jdbcType=VARCHAR}, #{tel,jdbcType=VARCHAR}, 
      #{type,jdbcType=INTEGER}, #{area,jdbcType=VARCHAR}, #{createtime,jdbcType=VARCHAR}
      )
  </insert>
  <insert id="insertSelective" parameterType="com.yhcrt.demo.model.TestDemo">
    insert into test_demo
    <trim prefix="(" suffix=")" suffixOverrides=",">
      <if test="id != null">
        id,
      </if>
      <if test="name != null">
        name,
      </if>
      <if test="tel != null">
        tel,
      </if>
      <if test="type != null">
        type,
      </if>
      <if test="area != null">
        area,
      </if>
      <if test="createtime != null">
        createtime,
      </if>
    </trim>
    <trim prefix="values (" suffix=")" suffixOverrides=",">
      <if test="id != null">
        #{id,jdbcType=INTEGER},
      </if>
      <if test="name != null">
        #{name,jdbcType=VARCHAR},
      </if>
      <if test="tel != null">
        #{tel,jdbcType=VARCHAR},
      </if>
      <if test="type != null">
        #{type,jdbcType=INTEGER},
      </if>
      <if test="area != null">
        #{area,jdbcType=VARCHAR},
      </if>
      <if test="createtime != null">
        #{createtime,jdbcType=VARCHAR},
      </if>
    </trim>
  </insert>
  <select id="countByExample" parameterType="com.yhcrt.demo.model.TestDemoExample" resultType="java.lang.Long">
    select count(*) from test_demo
    <if test="_parameter != null">
      <include refid="Example_Where_Clause" />
    </if>
  </select>
  <update id="updateByExampleSelective" parameterType="map">
    update test_demo
    <set>
      <if test="record.id != null">
        id = #{record.id,jdbcType=INTEGER},
      </if>
      <if test="record.name != null">
        name = #{record.name,jdbcType=VARCHAR},
      </if>
      <if test="record.tel != null">
        tel = #{record.tel,jdbcType=VARCHAR},
      </if>
      <if test="record.type != null">
        type = #{record.type,jdbcType=INTEGER},
      </if>
      <if test="record.area != null">
        area = #{record.area,jdbcType=VARCHAR},
      </if>
      <if test="record.createtime != null">
        createtime = #{record.createtime,jdbcType=VARCHAR},
      </if>
    </set>
    <if test="_parameter != null">
      <include refid="Update_By_Example_Where_Clause" />
    </if>
  </update>
  <update id="updateByExample" parameterType="map">
    update test_demo
    set id = #{record.id,jdbcType=INTEGER},
      name = #{record.name,jdbcType=VARCHAR},
      tel = #{record.tel,jdbcType=VARCHAR},
      type = #{record.type,jdbcType=INTEGER},
      area = #{record.area,jdbcType=VARCHAR},
      createtime = #{record.createtime,jdbcType=VARCHAR}
    <if test="_parameter != null">
      <include refid="Update_By_Example_Where_Clause" />
    </if>
  </update>
  <update id="updateByPrimaryKeySelective" parameterType="com.yhcrt.demo.model.TestDemo">
    update test_demo
    <set>
      <if test="name != null">
        name = #{name,jdbcType=VARCHAR},
      </if>
      <if test="tel != null">
        tel = #{tel,jdbcType=VARCHAR},
      </if>
      <if test="type != null">
        type = #{type,jdbcType=INTEGER},
      </if>
      <if test="area != null">
        area = #{area,jdbcType=VARCHAR},
      </if>
      <if test="createtime != null">
        createtime = #{createtime,jdbcType=VARCHAR},
      </if>
    </set>
    where id = #{id,jdbcType=INTEGER}
  </update>
  <update id="updateByPrimaryKey" parameterType="com.yhcrt.demo.model.TestDemo">
    update test_demo
    set name = #{name,jdbcType=VARCHAR},
      tel = #{tel,jdbcType=VARCHAR},
      type = #{type,jdbcType=INTEGER},
      area = #{area,jdbcType=VARCHAR},
      createtime = #{createtime,jdbcType=VARCHAR}
    where id = #{id,jdbcType=INTEGER}
  </update>
  
  <!-- user add -->
    <select id="doPaginationQuery" resultMap="BaseResultMap" parameterType="com.yhcrt.demo.model.TestDemo">
        SELECT <include refid="Base_Column_List"/>
        FROM test_demo
        <where>
            <if test="name != null and name != ''">
                name like concat('%', #{name}, '%')
            </if>
            <if test="tel != null and tel != ''">
                and tel like concat('%', #{tel}, '%')
            </if>
            <if test="type != null ">
                and type = #{type}
            </if>
            <if test="area != null and area != '' ">
                 and area like concat('%', #{area}, '%')
            </if>
        </where>
        LIMIT #{firstResult} , #{maxResults}
    </select>
    
    <select id="getCount" resultType="java.lang.Long" parameterType="com.yhcrt.demo.model.TestDemo">
        SELECT COUNT(*)
        FROM test_demo
        <where>
            <if test="name != null and name != ''">
                name like concat('%', #{name}, '%')
            </if>
            <if test="tel != null and tel != ''">
                and tel like concat('%', #{tel}, '%')
            </if>
            <if test="type != null ">
                and type = #{type}
            </if>
            <if test="area != null and area != '' ">
                 and area like concat('%', #{area}, '%')
            </if>
        </where>
    </select>
    
    <delete id="deleteByPK" parameterType="long[]">
        DELETE FROM test_demo
        WHERE 1=1  
        <if test="ids != null and ids[0] != ''">
            and id in
            <foreach collection="ids" item="testdemo" index="index" open="(" separator="," close=")">
                #{testdemo}
            </foreach>
        </if>
    </delete>
    
    
</mapper>