<?xml version="1.0" encoding="UTF-8"?>
<!DOCTYPE generatorConfiguration
  PUBLIC "-//mybatis.org//DTD MyBatis Generator Configuration 1.0//EN"
  "http://mybatis.org/dtd/mybatis-generator-config_1_0.dtd">

<generatorConfiguration>

	<!-- 可以用于加载配置项或者配置文件，在整个配置文件中就可以使用${propertyKey}的方式来引用配置项 
		resource：配置资源加载地址，使用resource，MBG从classpath开始找，比如com/myproject/generatorConfig.properties 
		url：配置资源加载地质，使用URL的方式，比如file:///C:/myfolder/generatorConfig.properties. 注意，两个属性只能选址一个; 
		另外，如果使用了mybatis-generator-maven-plugin，那么在pom.xml中定义的properties都可以直接在generatorConfig.xml中使用 
		<properties resource="" url="" /> -->
	<!-- 在MBG工作的时候，需要额外加载的依赖包，location属性指明加载jar/zip包的全路径,Required Attributes:none -->
	<classPathEntry
		location="C:/Users/admin/.m2/repository/mysql/mysql-connector-java/5.1.18/mysql-connector-java-5.1.18.jar" />

	<context id="MysqlTables" defaultModelType="conditional"
		targetRuntime="MyBatis3">

		<!-- 自动识别数据库关键字，默认false，如果设置为true，根据SqlReservedWords中定义的关键字列表； 一般保留默认值，遇到数据库关键字（Java关键字），使用columnOverride覆盖 -->
		<property name="autoDelimitKeywords" value="false" />
		<!-- 生成的Java文件的编码 -->
		<property name="javaFileEncoding" value="UTF-8" />
		<!-- 格式化java代码 -->
		<property name="javaFormatter"
			value="org.mybatis.generator.api.dom.DefaultJavaFormatter" />
		<!-- 格式化XML代码 -->
		<property name="xmlFormatter"
			value="org.mybatis.generator.api.dom.DefaultXmlFormatter" />
		<!-- beginningDelimiter和endingDelimiter：指明数据库的用于标记数据库对象名的符号，比如ORACLE就是双引号，MYSQL默认是`反引号； -->
		<property name="beginningDelimiter" value="`" />
		<property name="endingDelimiter" value="`" />
		
		<commentGenerator>
			<!-- 是否去除自动生成的注释 true：是 ： false:否 -->
			<property name="suppressAllComments" value="true" />
		</commentGenerator>

		<!--数据库连接的信息：驱动类、连接地址、用户名、密码 ,either connectionFactory or jdbcConnection is Required -->
		<jdbcConnection driverClass="com.mysql.jdbc.Driver"
			connectionURL="jdbc:mysql://localhost:3306/testdemo?useUnicode=true&amp;characterEncoding=UTF-8"
			userId="root" password="root">
		</jdbcConnection>

		<!-- 默认false，把JDBC DECIMAL 和 NUMERIC 类型解析为 Integer，为 true时把JDBC DECIMAL 
			和 NUMERIC 类型解析为java.math.BigDecimal -->
		<javaTypeResolver>
			<property name="forceBigDecimals" value="false" />
		</javaTypeResolver>

		<!-- java模型创建器，是必须要的元素 负责：1，key类（见context的defaultModelType）；2，java类；3，查询类 
			targetPackage：生成的类要放的包，真实的包受enableSubPackages属性控制； targetProject：目标项目，指定一个存在的目录下，生成的内容会放到指定目录中，如果目录不存在，MBG不会自动建目录 -->
		<javaModelGenerator targetPackage="com.yhcrt.demo.model"
			targetProject="src/main/java">
			<!-- for MyBatis3/MyBatis3Simple 自动为每一个生成的类创建一个构造方法，构造方法包含了所有的field；而不是使用setter； -->
			<property name="constructorBased" value="false" />
			<property name="enableSubPackages" value="true" />
			<property name="trimStrings" value="true" />
		</javaModelGenerator>

		<!-- 生成SQL map的XML文件生成器， 注意，在Mybatis3之后，我们可以使用mapper.xml文件+Mapper接口（或者不用mapper接口）， 
			或者只使用Mapper接口+Annotation，所以，如果 javaClientGenerator配置中配置了需要生成XML的话，这个元素就必须配置 
			targetPackage/targetProject:同javaModelGenerator -->
		<sqlMapGenerator targetPackage="com.yhcrt.demo.dao"
			targetProject="src/main/resources">
			<!-- 在targetPackage的基础上，根据数据库的schema再生成一层package，最终生成的类放在这个package下，默认为false -->
			<property name="enableSubPackages" value="true" />
		</sqlMapGenerator>

		<javaClientGenerator type="XMLMAPPER"
			targetPackage="com.yhcrt.demo.dao" targetProject="src/main/java">
			<property name="enableSubPackages" value="true" />
		</javaClientGenerator>

		<table tableName="test_demo"></table>
		<!-- <table tableName="res_role" domainObjectName="SecureLocationSetting" mapperName="SecureLocationSettingMapper"></table> -->
		

	</context>
</generatorConfiguration>